{
  "width": 640,
  "height": 320,
  "fps": 30,
  "main": "./script/aez_bundle_main.js",
  "assets": {
    "se": {
      "type": "audio",
      "path": "files/aea88cd01152840e6725",
      "systemId": "sound",
      "duration": 250,
      "virtualPath": "audio/se"
    },
    "parameterObject": {
      "type": "script",
      "path": "files/f69efd9b51d31d911da0.js",
      "global": false,
      "virtualPath": "script/parameterObject.js"
    },
    "inu": {
      "type": "image",
      "width": 80,
      "height": 66,
      "path": "files/e2427633ba930cefaf18.png",
      "virtualPath": "image/inu.png"
    },
    "n_kou": {
      "type": "image",
      "width": 50,
      "height": 50,
      "path": "files/012c681f6ad027e1a399.png",
      "virtualPath": "image/n_kou.png"
    },
    "result": {
      "type": "image",
      "width": 640,
      "height": 320,
      "path": "files/e24e1a80b1f63dd7d42f.png",
      "virtualPath": "image/result.png"
    },
    "title": {
      "type": "image",
      "width": 640,
      "height": 320,
      "path": "files/6a2fc763d1ca590c49f9.png",
      "virtualPath": "image/title.png"
    },
    "intai": {
      "type": "image",
      "width": 80,
      "height": 76,
      "path": "files/2d87e6be0ff7b768a9d9.png",
      "virtualPath": "image/intai.png"
    },
    "aez_bundle_main": {
      "type": "script",
      "global": true,
      "path": "files/f086925699839f7a9594.js",
      "virtualPath": "script/aez_bundle_main.js"
    }
  },
  "environment": {
    "sandbox-runtime": "2",
    "niconico": {
      "supportedModes": [
        "ranking"
      ],
      "preferredSessionParameters": {
        "totalTimeLimit": 70
      }
    },
    "external": {
      "send": "0"
    },
    "akashic-runtime": {
      "version": "~2.1.37",
      "flavor": "-canvas"
    }
  },
  "exportZipInfo": {
    "version": "0.5.0",
    "option": {
      "force": true,
      "strip": true,
      "minify": false,
      "bundle": true,
      "babel": true,
      "omitEmptyJs": true
    }
  },
  "globalScripts": []
}